inchikey	smiles	PPARD	ABL1	ADAM17	ADRB1	ADRB2	AKT2	MAOB	CASP3	DHFR	ESR2	PTK2	FGFR1	HMGCR	HSP90AA1	KIT	MAPKAPK2	MAP2K1	NOS1	PARP1	PDE5A	PGR	PTPN1	ROCK1	AKT1	AR	CDK2	CSF1R	ESR1	NR3C1	IGF1R	JAK2	LCK	MET	MMP13	PTGS2	PPARA	PPARG	REN	ADORA2A	ACHE	BACE1	CA2	CYP2C9	CYP3A4	HSD11B1	DPP4	DRD2	DRD3	EGFR	F10	GBA	MAPK1	MAPK14	PLK1	SRC	THRB	F2	KDR	logP	QED
FHZDONGQBOGZHN-MPIMZMORNA-N	S(=O)(=O)(NCC=1OC=CC1)C2=CC(=C(F)C=C2)C(=O)NC=3C=C(C=C(C3)C)C	-10.4	-10.2	-9.5	-10.7	-10.2	-9.2	-10.1	-8.5	-9.8	-8.1	-9.2	-8.7	-8.2	-11.0	-9.0	-8.7	-9.7	-9.0	-9.3	-10.5	-7.7	-7.8	-8.9	-10.0	-7.5	-9.1	-10.0	-8.4	-9.2	-9.1	-9.3	-8.8	-10.0	-10.2	-9.7	-9.8	-10.2	-9.0	-10.1	-10.3	-8.2	-8.1	-9.9	-9.5	-10.2	-9.2	-9.1	-9.7	-9.8	-10.4	-9.0	-8.9	-8.5	-9.8	-9.1	-10.8	-9.4	-8.9	3.766340000000002	0.657003048939334
MZDUKFGPHPOTMC-VXKSDVQFNA-N	C=1(/C=C(\C#N)/C(N)=O)C=CC(=CC1)N2CCN(CC2)C	-6.8	-9.0	-8.4	-7.7	-8.0	-6.7	-8.5	-6.8	-7.6	-5.9	-7.3	-7.9	-6.8	-7.8	-7.4	-6.6	-7.0	-8.4	-7.9	-8.6	-7.9	-6.8	-7.1	-7.4	-7.3	-7.3	-7.9	-6.9	-8.6	-7.5	-7.8	-7.4	-7.7	-8.5	-7.0	-7.3	-7.2	-7.5	-8.3	-8.3	-6.1	-6.5	-7.8	-7.3	-8.0	-7.5	-7.6	-7.0	-7.5	-7.0	-7.8	-7.3	-7.4	-7.1	-6.7	-8.4	-6.6	-7.2	0.8306800000000001	0.6519741845421411
WGKRSAQMLOKEKB-UHFFFAOYNA-N	BrC1=CC=C(C=2N(C(O)=C3NN=C(C23)COC)CC=C)C=C1	-7.1	-6.9	-7.4	-8.5	-7.6	-7.0	-5.0	-6.4	-8.0	-7.5	-8.7	-5.6	-6.9	-7.5	-6.6	-7.3	-7.3	-7.2	-7.4	-8.2	-7.0	-5.5	-7.6	-7.3	-5.4	-8.4	-7.8	-7.5	-7.0	-7.1	-7.7	-6.8	-6.4	-7.4	-8.7	-7.1	-6.3	-6.8	-8.1	-9.6	-6.5	-6.4	-7.2	-7.3	-7.8	-6.6	-6.9	-7.0	-7.4	-6.4	-7.5	-7.7	-6.7	-7.8	-6.9	-7.4	-6.7	-5.6	3.8319000000000023	0.6783690995914339
RBOQJYWZBIOHKR-XBTAAFKLNA-N	C=1C=CC2=NNC(=C2C1)C=3NC4=C(N3)C=CC(=C4)N5CCN(CC5)C	-8.9	-11.2	-10.5	-10.1	-10.6	-9.0	-9.5	-8.2	-9.0	-8.6	-9.2	-11.0	-8.1	-10.3	-10.1	-8.7	-9.7	-9.4	-10.1	-11.4	-7.0	-8.3	-9.0	-9.3	-7.2	-9.3	-10.0	-8.4	-9.3	-8.6	-8.9	-9.7	-9.4	-11.8	-8.3	-9.8	-10.2	-8.6	-9.9	-9.2	-7.9	-8.4	-9.5	-9.8	-10.2	-9.7	-10.9	-10.5	-10.0	-9.0	-9.7	-9.2	-9.2	-9.8	-8.9	-10.1	-8.6	-11.4	2.8580000000000005	0.5923851115560277
YGLUZQXZLOJVIF-UHFFFAOYNA-N	S1C(C(N(C2=CC=C(C=C2)C)C1=S)=N)C(OCC)=O	-7.2	-7.0	-6.9	-6.6	-7.3	-6.3	-6.3	-6.2	-7.0	-6.9	-6.5	-5.6	-5.2	-6.4	-5.4	-6.6	-6.6	-6.1	-7.1	-8.1	-7.8	-5.3	-6.7	-6.9	-7.3	-6.7	-6.5	-7.0	-7.0	-6.3	-7.3	-6.4	-6.8	-7.8	-7.6	-7.1	-5.7	-5.8	-6.7	-9.8	-5.6	-6.2	-7.4	-7.2	-7.3	-6.8	-7.0	-6.6	-6.4	-6.6	-7.4	-7.2	-6.9	-7.0	-6.3	-7.4	-7.0	-6.3	2.742090000000001	0.686000621809788
DANLSJCFZJZGRJ-XBXBPLPCNA-N	BrC1=CC(F)=C(NC(=O)CN(CC(=O)NC=2C=C(OCC)C(OCC)=CC2)C)C=C1	-8.2	-8.0	-8.1	-8.4	-8.4	-8.2	-5.4	-6.6	-8.2	-6.5	-7.3	-7.5	-6.6	-8.4	-7.6	-7.8	-8.6	-7.6	-8.0	-9.0	-6.7	-7.4	-7.4	-8.3	-6.9	-7.2	-7.6	-7.2	-8.2	-7.0	-7.8	-7.0	-8.2	-9.0	-7.5	-8.7	-7.7	-7.6	-8.4	-9.5	-6.3	-7.0	-8.8	-8.0	-9.1	-7.0	-9.5	-9.1	-7.6	-7.8	-7.9	-7.3	-6.5	-8.0	-7.1	-9.0	-7.4	-8.7	3.894600000000003	0.5374011270684973
KDPLJACDNJPAMZ-GLAYEKRENA-N	S1C(=C(C=2C1=CC=CC2)C3=CC=C(C4=CC(C5=C(OC)C(OC)=CC=C5)=C(OCC(=O)O)C=C4)C=C3)CC6=CC=CC=C6	-10.2	-9.1	-8.2	-11.0	-11.9	-9.5	0.6	-9.5	-10.2	-10.3	-9.5	-8.0	-8.9	-9.3	-8.7	-9.1	-9.2	-8.1	-9.2	-11.4	-7.0	-8.3	-8.5	-9.0	-2.3	-10.2	-8.2	-10.4	-2.8	-9.7	-9.3	-9.4	-8.0	-9.9	-9.4	-9.2	-9.4	-10.2	-11.5	-11.1	-7.9	-7.7	-9.7	-11.1	-7.9	-10.4	-9.6	-8.6	-10.0	-9.3	-9.1	-9.5	-8.3	-10.0	-9.5	-8.0	-8.7	-8.8	8.973700000000003	0.1735713246631192
QYZOFLQKVQGIOQ-NPVYFSBINA-N	BrC=1C=C(CC(=O)NN=C2C3=C(NC2=O)C=CC=C3)C=CC1O	-8.9	-10.2	-9.4	-10.1	-9.8	-9.0	-9.8	-7.4	-8.9	-7.7	-8.8	-9.2	-8.4	-8.9	-8.8	-8.2	-8.8	-8.6	-9.9	-10.7	-8.9	-7.6	-8.9	-8.6	-7.8	-9.0	-8.9	-8.1	-9.4	-7.8	-9.2	-9.1	-9.3	-9.7	-9.0	-9.1	-8.3	-8.3	-9.1	-10.2	-7.4	-8.0	-9.5	-9.4	-9.3	-9.5	-10.0	-9.2	-9.6	-8.9	-9.4	-9.0	-7.8	-9.2	-8.3	-9.6	-8.3	-9.1	2.1698	0.7196061163704196
WELMAYVPNYLNDO-PKRZOPRNNA-N	FC=1C(CCNC(=O)CC2=C(C=3C=4OC=C(C(C)(C)C)C4C(=CC3OC2=O)C)C)=CC=CC1	-10.9	-9.7	-10.2	-10.6	-9.9	-8.0	-6.8	-7.6	-11.3	-7.8	-9.0	-9.2	-8.4	-10.5	-9.3	-8.7	-10.2	-10.3	-9.7	-11.3	-6.6	-8.2	-9.7	-10.9	-7.5	-9.5	-9.9	-8.7	-9.5	-9.0	-9.7	-9.3	-9.3	-9.8	-8.4	-9.9	-10.0	-9.3	-10.5	-10.5	-7.5	-8.9	-9.7	-11.0	-9.8	-9.2	-12.0	-10.5	-11.1	-8.6	-10.0	-10.3	-9.6	-10.0	-9.5	-10.3	-8.1	-8.6	5.494040000000005	0.4088429390699759
NDKGCIDWMFLFCL-IDHIREFSNA-N	FC(F)(F)C1=C(CN2CCN(CC2)CC)C=CC(NC(=O)C3=CC(=C(C=C3)C)/C=C/C=4N=CC(NC=5N=C(N=C(N6CCNCC6)C5)C)=NC4)=C1	-10.7	-11.5	-10.2	-10.9	-11.4	-10.4	-0.7	-9.9	-10.8	-10.3	-10.9	-10.6	-9.7	-10.6	-9.4	-11.3	-10.5	-7.9	-10.3	-10.8	-7.9	-8.9	-10.8	-9.9	-8.6	-11.1	-9.5	-10.7	-6.2	-9.8	-10.1	-10.2	-11.4	-12.9	-8.9	-10.5	-9.6	-10.4	-9.9	-10.5	-10.0	-9.6	-12.7	-11.7	-10.3	-11.2	-10.5	-9.2	-11.6	-9.5	-9.6	-11.6	-9.7	-12.0	-9.7	-8.3	-10.4	-13.5	5.615640000000005	0.1928859242178873
IRGYEUFDUWSHST-TVVGNCBLNA-N	FC(F)(F)OC=1C(C(N2CCC(N3C4=C(N=C3O)C=CC=C4)CC2)C=5N(N=NN5)CC6=CC=CC=C6)=CC=CC1	-9.9	-9.0	-7.5	-10.6	-9.6	-8.8	4.6	-8.5	-10.1	-6.3	-9.7	-9.5	-9.0	-11.1	-7.7	-8.2	-10.0	-9.3	-10.9	-11.1	-7.0	-7.2	-9.4	-10.7	-6.2	-9.3	-8.7	-8.3	-10.0	-9.1	-7.5	-8.5	-8.0	-9.1	-7.6	-8.9	-9.0	-9.4	-9.1	-8.3	-7.9	-9.2	-10.5	-11.9	-6.8	-10.1	-8.5	-8.8	-8.8	-9.1	-10.8	-7.9	-9.4	-9.3	-9.0	-9.3	-9.4	-7.9	5.101800000000003	0.3018814898735756
VNKZUIQYDPSIQM-NEQLIHFBNA-N	S(C=1N=C2N=C(C=C(C2=C(O)N1)C(F)(F)F)C=3SC=CC3)CC(=O)NC4=C(OC)C=C(OC)C=C4	-9.5	-9.7	-9.5	-10.1	-10.7	-8.9	-6.4	-8.9	-9.3	-7.3	-8.3	-7.6	-8.0	-9.4	-8.7	-9.2	-9.4	-9.0	-10.0	-10.2	-7.0	-8.0	-8.7	-9.6	-6.6	-9.3	-8.7	-8.4	-8.8	-8.3	-9.3	-8.4	-8.2	-10.2	-9.6	-10.0	-7.9	-9.0	-9.5	-10.9	-8.3	-7.7	-9.6	-9.9	-8.7	-8.9	-10.0	-9.7	-9.0	-9.4	-9.5	-9.2	-8.2	-9.9	-8.4	-9.5	-8.6	-7.7	5.225700000000003	0.2512398117928419
POJJAFJYLNMWOH-QWOVJGMINA-N	O=C(N(C(C)(C)C)CC1=CC=2C(N=C1O)=CC=CC2)C=3OC=CC3	-8.1	-7.7	-7.6	-8.4	-8.3	-7.3	-5.0	-6.9	-8.4	-8.5	-7.5	-7.1	-7.3	-9.2	-6.6	-7.1	-7.7	-7.8	-9.3	-9.6	-8.8	-6.7	-7.9	-7.8	-8.5	-7.9	-9.0	-7.8	-8.7	-7.8	-8.2	-8.0	-7.4	-8.0	-8.4	-8.6	-8.4	-7.8	-8.7	-9.9	-6.9	-7.4	-8.7	-9.0	-8.7	-8.4	-8.3	-7.8	-8.7	-8.1	-8.4	-8.9	-7.2	-8.4	-7.9	-8.7	-7.4	-6.8	3.974300000000003	0.7912795023348962
HNKQMVOZECJOHN-SLVVZXTBNA-N	C12=C(C(C3=CC(Br)=C(C(=C3)Br)O[C@@H](C(O)=O)CC4=CC=CC=C4)=C5C(=C1Br)C=CC=C5)C=6C=CC=CC6S2	-10.2	-9.2	-7.9	-9.9	-8.3	-9.5	-4.0	-8.4	-10.5	-7.6	-10.0	-8.4	-7.7	-8.8	-7.5	-8.9	-8.1	-8.0	-11.1	-9.9	-6.9	-6.9	-10.2	-10.5	-5.8	-9.4	-7.7	-8.9	-6.0	-8.3	-9.1	-9.5	-8.1	-8.8	-7.7	-8.4	-8.5	-9.7	-9.9	-9.3	-7.7	-7.7	-9.5	-11.0	-7.5	-9.4	-9.4	-8.9	-9.7	-9.7	-8.6	-7.5	-7.8	-8.9	-8.8	-6.5	-9.0	-7.7	10.236899999999991	0.1872071055213451
KLVRTFWAILTPSV-LELJVTLKNA-N	ClC=1C(CC2=C(N3N=CC(=C3N=C2C)C(=O)NCC=4C(Cl)=CC=CC4)C)=C(F)C=CC1	-9.9	-10.7	-9.3	-10.8	-11.0	-9.7	-5.7	-7.8	-10.0	-7.9	-9.7	-9.1	-8.0	-10.5	-8.8	-9.1	-10.5	-9.1	-10.9	-10.7	-6.7	-8.3	-10.0	-10.1	-8.1	-9.9	-9.5	-8.8	-9.2	-8.3	-10.0	-9.7	-9.9	-9.4	-8.0	-10.6	-10.3	-9.7	-10.1	-11.9	-8.0	-8.7	-10.7	-10.5	-10.2	-9.5	-10.0	-10.3	-10.6	-9.2	-10.5	-10.0	-8.7	-9.4	-9.6	-11.5	-8.6	-10.1	5.312840000000003	0.4418983307738205
ASJLBQBWZVWPIN-UYBDAZJANA-N	O(C=1C=C(C(=O)NC2=CC=C(N3CCCC3)C=C2)C=CC1)CC	-8.3	-9.7	-8.6	-9.0	-10.0	-7.7	-9.3	-6.4	-7.8	-7.3	-8.2	-9.2	-7.3	-8.8	-8.9	-7.7	-8.3	-8.1	-8.4	-9.6	-6.0	-7.3	-7.9	-7.8	-5.7	-7.9	-9.0	-7.6	-8.9	-7.5	-7.6	-7.9	-8.5	-9.6	-7.3	-8.2	-8.4	-7.4	-8.1	-8.4	-7.0	-7.2	-8.9	-8.1	-8.3	-7.9	-8.7	-8.7	-8.9	-7.1	-8.4	-8.1	-8.1	-8.8	-7.9	-10.1	-7.5	-9.5	3.937800000000003	0.9092844763063436
KUEFAUAIPUPCIE-UHFFFAOYNA-N	O(C(=O)CCCC1C(N(N=C1)C)CCCCC(OCC)=O)CC	-6.7	-6.9	-6.4	-7.3	-6.8	-5.7	-7.2	-5.6	-7.0	-6.5	-6.0	-6.5	-5.5	-6.8	-5.9	-6.0	-6.6	-5.8	-6.6	-7.0	-6.7	-5.8	-6.4	-6.4	-6.7	-6.5	-6.7	-6.8	-6.2	-6.8	-6.2	-6.0	-6.7	-6.7	-7.7	-6.7	-7.2	-6.0	-6.8	-7.8	-5.3	-5.9	-6.6	-6.6	-7.0	-6.3	-6.5	-6.5	-6.6	-6.5	-6.7	-6.6	-6.6	-6.6	-5.9	-7.6	-6.6	-7.5	2.7593000000000014	0.4312476060191462
PCYJFIZTECQFTP-MPIMZMORNA-N	S(=O)(=O)(NC1=CC(C=2OC3=C(N2)C=C(C=C3)C)=CC=C1)C4=CC=C(NC(=O)C)C=C4	-9.8	-10.4	-10.4	-10.8	-11.4	-9.7	-9.4	-8.8	-11.2	-8.5	-9.4	-10.2	-8.4	-10.6	-10.2	-9.8	-10.3	-9.8	-10.2	-11.5	-7.9	-8.5	-9.5	-10.2	-7.3	-9.3	-10.1	-8.8	-10.0	-8.7	-9.8	-8.9	-9.7	-11.5	-8.8	-10.1	-9.9	-9.6	-10.9	-11.3	-8.2	-8.8	-10.7	-10.5	-10.9	-9.7	-11.9	-11.3	-10.4	-9.5	-10.9	-9.6	-8.9	-10.7	-10.0	-10.9	-10.1	-11.2	4.562420000000002	0.4917848497168481
WMZRGJNFVYCBOW-PECIQRARNA-N	O=C1C=2C(=NC(=NC2C3=CC=CC=C3)N)C=4C1=CC=C(C4)C(=O)C5=CC=CN=C5	-10.0	-10.9	-10.5	-10.7	-10.0	-11.0	-7.7	-8.3	-10.3	-7.8	-10.1	-10.5	-8.6	-11.8	-10.3	-9.6	-10.5	-9.7	-11.0	-12.6	-7.9	-8.9	-9.9	-9.9	-6.8	-9.8	-10.2	-8.8	-10.2	-10.0	-11.1	-10.3	-9.5	-9.9	-9.0	-10.9	-9.4	-9.1	-11.9	-10.0	-8.3	-9.0	-9.9	-10.4	-10.0	-9.7	-11.7	-10.6	-11.5	-8.7	-10.6	-10.9	-9.5	-10.8	-10.4	-12.6	-9.5	-8.0	3.563200000000001	0.4820387912635375
ADNIHKBOMDPDBE-UHFFFAOYNA-N	ClC=1C=2N(C(CC3=CC=CC=C3)=C(N2)C4=CC=CC=C4)C=C(C1)C(F)(F)F	-8.5	-9.2	-8.1	-9.5	-9.4	-8.6	-5.7	-8.3	-10.6	-9.4	-7.9	-7.8	-7.7	-9.6	-7.1	-8.6	-9.2	-8.5	-10.2	-11.3	-9.7	-7.7	-9.1	-9.7	-6.7	-9.9	-8.2	-7.8	-9.0	-8.8	-8.8	-8.8	-8.2	-9.1	-10.0	-8.1	-7.8	-9.0	-9.8	-9.8	-7.3	-7.5	-9.5	-10.9	-10.1	-8.9	-9.3	-8.5	-9.4	-8.4	-9.6	-9.7	-7.8	-9.8	-9.4	-9.7	-8.5	-7.4	6.264300000000004	0.4056640529038769
AKJDQSUALPRWSD-PKRZOPRNNA-N	C(C(CC(C=1C=CC=CC1)(C)C)(CCC2=CC=CC=C2)O)(NC3=CC4=COC(=C4C=C3)O)=O	-10.8	-8.8	-9.1	-10.8	-10.9	-9.6	-6.7	-8.5	-10.9	-9.4	-9.8	-7.5	-7.9	-9.1	-8.9	-8.2	-9.7	-8.1	-11.0	-11.7	-6.3	-8.8	-9.5	-9.7	-6.9	-9.8	-9.8	-9.6	-9.0	-9.0	-9.4	-8.9	-8.6	-10.0	-9.6	-9.3	-10.0	-8.3	-9.9	-10.2	-8.7	-7.6	-11.5	-10.9	-10.0	-10.4	-10.6	-10.0	-10.1	-8.7	-10.7	-9.3	-8.4	-10.1	-8.4	-9.9	-9.0	-8.2	5.808700000000005	0.3209589690891259
SZUBIPYHQGQAFO-QWOVJGMINA-N	O=C(NC1CCCCC1)CN2C=3C(C(=C2)C(=O)C=4OC=CC4)=CC=CC3	-9.9	-9.7	-9.7	-10.4	-9.5	-8.2	-8.7	-7.9	-9.4	-9.0	-8.4	-7.6	-7.7	-10.1	-8.0	-8.3	-9.0	-9.1	-9.5	-10.2	-8.5	-8.5	-8.8	-9.0	-7.2	-8.7	-9.1	-8.6	-9.4	-8.9	-8.8	-8.4	-9.2	-9.2	-9.6	-8.4	-9.5	-8.7	-9.7	-10.9	-7.9	-7.7	-9.9	-10.2	-9.1	-9.0	-9.4	-9.1	-9.6	-9.2	-9.2	-9.1	-8.9	-9.7	-8.4	-10.9	-8.8	-9.9	3.914200000000003	0.7095898045967665
RSVVNSOLZBKIHK-ODDWPRBQNA-N	C1(N(CC2=CC=CC=C2)C(CC(OC)=O)=O)=CC=C3N(C(C(OC3=C1)CC4=CC=C(C(=N)N)C=C4)=O)C	-10.8	-9.2	-9.9	-10.2	-10.5	-8.8	-6.2	-8.8	-10.7	-9.1	-9.2	-8.5	-8.6	-9.6	-9.0	-9.2	-10.4	-8.5	-10.7	-11.1	-5.9	-8.7	-9.2	-9.9	-6.2	-8.8	-8.3	-7.4	-8.7	-9.6	-10.1	-9.0	-9.4	-10.7	-8.0	-10.0	-8.9	-8.4	-8.9	-11.8	-7.8	-8.9	-10.5	-10.7	-8.4	-9.7	-9.9	-9.0	-9.1	-10.0	-10.3	-8.8	-8.3	-10.3	-9.3	-7.6	-9.5	-8.3	3.033470000000001	0.2119410110755297
WKYKUULFAMNRLJ-UHFFFAOYNA-N	ClC(Cl)C(S(=O)(=O)C1=CC=CC=C1)=NC(=O)C	-7.3	-7.5	-6.3	-6.8	-7.1	-6.8	-6.1	-6.6	-7.3	-7.1	-6.8	-5.9	-5.9	-6.5	-6.0	-6.4	-6.1	-6.2	-6.5	-7.4	-7.0	-5.0	-6.8	-6.8	-6.7	-6.7	-6.3	-6.9	-6.5	-6.4	-6.3	-6.3	-5.7	-6.7	-7.1	-7.1	-5.7	-6.0	-7.2	-7.9	-5.5	-6.4	-6.7	-7.4	-7.4	-7.4	-6.9	-6.5	-6.1	-5.7	-6.7	-6.4	-6.1	-6.8	-6.5	-7.4	-6.3	-6.5	2.209	0.4770224897444566
MWNOZDZACVEFTF-UHFFFAOYNA-N	O(C(=O)C1CN(CCC1)C2C(=NCCCN(CC)C=3C=C(C=CC3)C)C(=O)C2=O)CC	-9.0	-7.2	-8.8	-9.5	-9.6	-8.4	-8.7	-7.3	-10.0	-7.0	-7.9	-7.5	-7.3	-8.8	-7.9	-8.1	-8.2	-8.7	-9.5	-9.6	-7.6	-7.4	-8.9	-8.4	-6.4	-8.4	-8.3	-7.7	-9.1	-8.7	-7.9	-7.4	-8.7	-8.2	-7.2	-8.6	-8.0	-7.9	-8.7	-10.5	-6.9	-7.8	-9.5	-8.6	-9.0	-8.0	-9.0	-9.4	-8.5	-9.1	-8.9	-8.4	-7.5	-8.7	-8.1	-10.0	-8.4	-8.4	2.44792	0.3421909364238411
OBOHWJBYXZNLJD-ZLZLGTKWNA-N	S(C=1C=C(C(NC[C@H]2N(CCC2)CCCC)=O)C(=CC1)OC)(=O)(=O)N	-8.2	-8.4	-7.8	-8.5	-8.2	-7.1	-8.2	-7.3	-7.9	-6.7	-7.2	-7.2	-6.9	-8.2	-6.7	-6.8	-7.6	-6.9	-7.9	-9.0	-7.8	-7.4	-7.1	-8.0	-6.7	-7.9	-7.9	-7.3	-8.1	-7.7	-7.7	-7.2	-7.9	-7.9	-8.6	-7.7	-7.7	-7.4	-7.2	-8.4	-6.7	-6.9	-7.9	-8.1	-7.9	-7.7	-7.7	-8.2	-8.8	-7.8	-8.9	-7.7	-6.5	-7.5	-6.8	-9.0	-6.6	-7.4	1.336899999999999	0.719855170701153
QZJRGNXUBYDMRE-UHFFFAOYNA-N	ClC=1C=C(S(=O)(=O)N2N=C(C=3C(=NOC3C)C=4C=CC(Cl)=CC4)C=C2)C=CC1	-10.4	-8.6	-9.1	-10.5	-9.8	-9.3	-6.5	-8.2	-9.9	-8.6	-8.7	-8.0	-8.5	-9.6	-8.6	-8.8	-9.1	-9.1	-10.4	-10.8	-7.8	-8.1	-9.4	-9.9	-6.8	-9.3	-9.4	-7.5	-9.3	-8.9	-9.9	-8.5	-9.2	-8.5	-8.4	-8.8	-8.8	-8.6	-10.1	-11.5	-7.9	-8.1	-10.3	-10.4	-10.3	-8.8	-9.5	-9.4	-9.0	-9.3	-9.8	-9.9	-8.0	-10.7	-9.2	-7.7	-9.3	-8.3	5.057320000000003	0.4489317576294897
PVRHIOQTEXYCLW-UHFFFAOYNA-N	N12C(NC3=C(C1=NC=4C2=CC=CC4)C=CC=C3)(CCC)C	-8.4	-8.1	-7.4	-8.8	-8.4	-8.9	-5.6	-7.2	-9.6	-9.3	-8.2	-7.2	-7.2	-8.9	-6.8	-7.3	-8.0	-7.1	-8.7	-10.1	-8.8	-6.6	-8.6	-8.6	-7.4	-8.6	-9.0	-9.1	-8.5	-8.2	-8.7	-8.0	-7.5	-7.8	-9.7	-9.0	-7.6	-7.3	-9.8	-10.0	-6.4	-8.0	-8.8	-9.6	-9.2	-8.0	-8.4	-7.6	-8.1	-7.7	-8.6	-9.1	-8.1	-9.0	-8.5	-9.2	-7.9	-6.3	4.601600000000003	0.7414640622875998
OQCVPPDNCNFIOM-UHFFFAOYNA-N	OC=1N(C(O)=C2C1CC=CC2)CC3=CC=CC=C3	-8.7	-9.0	-8.6	-8.1	-8.4	-7.4	-8.2	-6.3	-8.4	-8.0	-7.7	-8.3	-6.8	-7.8	-8.1	-7.0	-7.9	-7.5	-8.3	-8.5	-8.3	-7.1	-7.1	-8.0	-7.4	-7.9	-8.2	-8.0	-7.9	-7.9	-7.6	-7.2	-7.8	-8.6	-8.1	-8.2	-7.8	-7.2	-7.7	-9.5	-6.5	-7.3	-7.5	-8.5	-8.2	-7.9	-8.6	-7.4	-8.2	-7.6	-7.9	-7.9	-7.0	-8.0	-7.4	-8.7	-7.1	-8.1	2.6024000000000003	0.7937517841966728
NLXPCWCXVPCKFR-TWSYTRIPNA-N	N=1C2=C(C=3N(N=C(C4=CC=CO4)N3)C1N)N=CN2CCN5CCN(CC5)C=6N=CC(=CC6)C	-9.0	-10.4	-9.6	-10.5	-11.1	-9.3	-6.9	-8.9	-9.2	-7.3	-8.8	-9.2	-8.4	-9.9	-9.4	-9.0	-9.6	-10.1	-10.3	-10.9	-7.4	-7.9	-9.9	-10.6	-8.0	-9.4	-9.7	-8.5	-8.9	-9.2	-9.0	-8.6	-10.5	-11.2	-8.9	-10.1	-10.1	-9.4	-9.4	-10.6	-7.6	-9.8	-11.1	-9.9	-9.3	-9.9	-11.9	-10.5	-9.7	-10.4	-9.9	-9.1	-8.5	-8.8	-8.8	-9.3	-9.3	-10.1	1.8418199999999996	0.4328713523042262
XBEQBECHXAATAQ-CYSPOYASNA-N	O=C(NC1CCN(CC1)C=2N3N=CN=C3N=C4C2CCC4)C(NC(=O)C)CC5=CC(OC)=C(OC)C=C5	-10.0	-8.7	-10.2	-10.0	-10.0	-9.5	-4.7	-8.9	-9.8	-8.5	-8.9	-8.4	-9.1	-8.7	-8.1	-9.0	-9.3	-9.5	-10.0	-10.4	-7.2	-8.5	-9.2	-10.2	-6.4	-9.3	-9.5	-7.7	-7.0	-8.4	-9.2	-8.7	-8.0	-9.7	-8.3	-10.1	-8.8	-8.9	-9.6	-11.3	-8.6	-8.5	-10.3	-10.0	-7.6	-9.6	-9.7	-9.7	-9.5	-9.4	-10.9	-9.2	-8.3	-8.9	-8.4	-10.1	-9.2	-7.5	1.4626000000000012	0.469940711529859
NMDJQLANCDFIFN-LQFNOIFHNA-N	ClC1=C(NC2=NC(=C3C(=N2)C=CC=C3)C4=CC=CC=C4)C=CC(Cl)=C1	-10.1	-8.9	-8.5	-10.1	-10.0	-10.4	-7.4	-8.1	-10.4	-8.3	-10.2	-8.3	-8.4	-9.9	-8.9	-9.6	-9.2	-9.0	-10.1	-11.8	-8.0	-8.4	-9.6	-9.2	-6.7	-10.3	-10.6	-8.6	-9.9	-8.9	-10.6	-9.2	-10.0	-9.5	-8.2	-9.9	-9.0	-10.0	-11.8	-10.5	-7.9	-7.9	-11.1	-10.3	-10.5	-9.9	-9.6	-9.5	-10.1	-9.2	-9.9	-9.7	-9.0	-10.4	-9.6	-10.7	-9.6	-9.3	6.347200000000004	0.4592478012111113
WBCQVYZRFOIYAD-VUOWCKKLNA-N	C=1(SN=C(C1/C(/N)=N/CC2CCCCC2)O)NC=3C=CC(=CC3Cl)Cl	-8.1	-9.2	-8.1	-9.3	-8.7	-8.7	-7.8	-7.6	-9.4	-8.1	-8.0	-8.2	-7.7	-8.6	-7.9	-8.0	-9.0	-8.6	-8.5	-9.7	-8.7	-7.4	-8.5	-8.5	-6.5	-8.5	-8.6	-8.8	-8.7	-8.6	-8.0	-7.5	-8.8	-8.3	-9.0	-8.6	-8.3	-8.3	-9.1	-10.4	-7.2	-7.9	-9.4	-9.3	-9.1	-8.3	-8.5	-8.7	-9.8	-8.4	-9.2	-9.0	-8.0	-8.5	-7.9	-9.0	-7.6	-9.1	5.184700000000003	0.4776068203876777
NILIMKWDWHKQOZ-LELJVTLKNA-N	C1C(CS(C=2C=CC(=CC2)OCC#CC)(=O)=O)(CCN(C1)C(C(CO)(CO)C)=O)C(O)=NO	-8.2	-7.7	-8.7	-8.3	-9.3	-7.8	-5.5	-7.1	-8.1	-8.1	-7.5	-7.3	-6.5	-8.3	-7.1	-7.3	-8.3	-7.5	-9.2	-9.6	-6.1	-6.8	-7.8	-9.0	-5.2	-7.7	-8.6	-6.9	-8.7	-7.0	-6.4	-7.2	-6.9	-8.6	-7.1	-6.9	-6.9	-7.1	-8.1	-7.6	-7.1	-6.3	-8.8	-8.2	-8.7	-8.3	-8.5	-9.2	-8.2	-7.7	-8.5	-7.2	-8.1	-8.1	-7.3	-6.9	-8.2	-7.6	0.8078000000000003	0.132381784869535
FPPFXZVOJMZPIB-JAFMVTPMNA-N	N=1C(=C2C(C=3C=CC=C(OC)C3)=CN(C2=NC1)C4=CC=C(C=C4)CC(NCCO)=O)N	-8.6	-10.1	-9.4	-9.7	-10.0	-8.3	-6.1	-8.7	-10.0	-7.8	-9.6	-8.9	-7.5	-9.7	-9.1	-8.7	-9.4	-9.3	-10.0	-11.2	-6.9	-8.6	-9.0	-9.6	-6.7	-8.3	-9.6	-8.4	-9.5	-8.8	-9.7	-8.6	-8.6	-9.9	-9.9	-8.2	-9.0	-8.9	-9.8	-9.8	-8.3	-7.7	-9.8	-10.1	-9.5	-9.0	-10.1	-8.7	-10.5	-9.3	-9.9	-8.9	-8.1	-10.1	-8.4	-8.4	-8.2	-10.1	2.3292999999999986	0.4251096528733529
NEDJITIKUNSBOX-UHFFFAOYNA-N	O1C=2N(N=C3C2C=CC=C3)C4=C(C1)C=C(C=C4)C#CC(OC(C)(C)C)C	-9.1	-10.5	-8.7	-10.2	-9.9	-9.2	-11.2	-7.1	-8.5	-7.7	-7.9	-9.1	-7.0	-8.0	-9.6	-8.1	-8.8	-8.6	-8.6	-9.6	-6.8	-7.0	-8.3	-8.6	-6.1	-8.5	-9.2	-7.9	-8.3	-8.0	-8.6	-8.6	-9.0	-9.3	-7.6	-9.7	-8.2	-8.1	-9.4	-8.8	-6.8	-8.0	-9.8	-9.2	-8.3	-8.5	-9.2	-9.4	-9.7	-8.0	-9.7	-9.0	-7.7	-9.4	-8.4	-9.9	-8.2	-8.8	4.473000000000003	0.6099403796178028
LLSVDVIGFICOOZ-MRSUPTMINA-N	C(C1=CC=C(C=C1)C2=NC3=C(C(=N2)N)C=C(S3)CN4CCC(CC4)F)#N	-8.5	-9.7	-8.7	-10.0	-10.0	-8.1	-7.4	-7.2	-8.9	-7.4	-8.5	-8.7	-7.3	-8.9	-9.0	-7.9	-9.1	-8.2	-9.4	-10.6	-7.0	-7.8	-8.3	-8.6	-6.2	-8.6	-8.6	-7.3	-9.9	-7.6	-8.1	-8.2	-8.8	-9.6	-7.3	-8.5	-8.0	-7.7	-8.9	-8.4	-7.1	-7.5	-9.3	-9.1	-9.2	-9.0	-9.8	-9.2	-9.5	-7.9	-9.2	-8.1	-8.2	-8.8	-8.0	-10.9	-8.0	-8.8	3.7460800000000023	0.762685018432696
UPBCNBXHLZMOQI-KWVIHIDDNA-N	S(C1=CC=C(NC2=NC(NCCN(CC)CC)=NC(=N2)NCCN(CC)CC)C=C1)(=O)(=O)N	-8.2	-6.4	-8.1	-7.8	-7.3	-7.0	-4.0	-6.2	-7.0	-5.6	-7.0	-6.5	-6.9	-8.1	-7.0	-7.1	-8.1	-7.0	-8.2	-8.5	-7.1	-6.5	-8.1	-8.6	-5.3	-7.4	-7.2	-6.7	-6.9	-7.6	-6.7	-7.0	-6.9	-8.3	-6.3	-7.7	-6.7	-7.1	-7.2	-9.2	-7.1	-6.6	-8.1	-7.9	-6.4	-7.2	-8.4	-8.0	-8.2	-7.5	-8.3	-7.3	-7.0	-7.4	-7.3	-5.7	-6.9	-7.7	1.770000000000001	0.2984725276734938
ZYZWFDVXMLCIOU-BUKGPZPNNA-N	O1C(C=2N=C(N=C3N(C(=O)NCCC4=CC=CC=C4)C=NC32)N)=CC=C1	-10.0	-8.8	-9.2	-10.0	-9.9	-9.1	-10.4	-8.2	-9.2	-7.4	-8.7	-9.1	-7.9	-9.8	-8.9	-8.5	-9.4	-9.8	-9.8	-11.0	-7.9	-8.4	-8.6	-9.3	-6.8	-9.4	-9.0	-7.8	-9.6	-8.7	-9.2	-8.8	-9.6	-9.7	-9.1	-9.2	-8.7	-8.2	-9.4	-9.3	-7.8	-8.1	-10.2	-9.4	-9.6	-9.2	-9.6	-9.4	-9.9	-9.7	-9.4	-9.4	-8.2	-9.4	-8.8	-11.6	-8.9	-8.9	2.4689000000000005	0.5857989506608229
ZOUCSHRDSFNYNL-MVYAGUAANA-N	S(=O)(=O)(NC1=NC=NC(OC)=C1)C2=CC=C(NC(=O)/C=C/C3=CC=C(N(=O)=O)C=C3)C=C2	-9.2	-10.1	-9.3	-10.0	-10.4	-8.7	-6.3	-7.7	-8.9	-8.3	-8.3	-9.8	-7.7	-8.3	-8.8	-8.8	-9.4	-9.1	-9.8	-9.6	-7.7	-9.0	-8.6	-9.5	-8.0	-8.5	-8.2	-9.0	-9.1	-7.7	-8.5	-8.5	-10.1	-10.5	-9.3	-10.2	-8.2	-8.6	-9.0	-9.3	-7.5	-8.0	-10.0	-9.7	-9.0	-9.2	-10.4	-9.7	-9.3	-8.1	-9.8	-8.7	-7.5	-9.6	-9.4	-9.6	-8.6	-10.3	2.8461000000000007	0.2985669815288527
YUAKFILGFPHOCL-UHFFFAOYNA-N	O1N=C(N=C1CN2CCC(CC2)C)C=3C=CC=CC3	-8.4	-9.4	-8.3	-8.7	-8.4	-7.8	-9.5	-6.6	-8.0	-7.8	-7.1	-8.5	-7.0	-8.5	-8.2	-7.4	-8.1	-8.4	-8.1	-9.3	-8.4	-6.8	-7.8	-8.1	-8.6	-7.7	-8.3	-7.6	-8.3	-7.9	-7.8	-7.3	-8.7	-8.8	-8.7	-8.2	-8.2	-7.6	-8.0	-8.9	-6.5	-7.5	-8.5	-8.7	-8.5	-8.4	-9.0	-8.0	-8.7	-7.8	-8.5	-7.8	-7.5	-8.3	-8.3	-9.1	-8.1	-8.8	2.968500000000001	0.8474327911091587
AOHSJEGIMQSRCM-UHFFFAOYNA-N	S(CC(=O)C1=C(N(C(=C1)C)C2=NOC(=C2)C)C)C=3N(N=NN3)C4=C(C=C(C=C4)C)C	-10.2	-10.0	-10.0	-10.1	-10.7	-9.2	-8.0	-8.8	-10.4	-8.4	-8.7	-8.4	-8.2	-10.7	-8.3	-9.2	-10.2	-9.5	-9.2	-11.3	-7.3	-7.9	-9.9	-9.7	-7.4	-9.6	-9.2	-9.7	-9.6	-8.3	-9.2	-8.6	-8.0	-9.6	-8.9	-9.1	-10.2	-8.9	-9.9	-11.9	-7.5	-7.9	-10.2	-9.9	-9.9	-10.2	-10.3	-8.9	-10.1	-9.8	-9.1	-9.7	-9.2	-9.7	-8.6	-10.0	-8.1	-9.8	3.9581000000000026	0.3429851481623147
MYVQSDVXBZNNLF-VEORKLDJNA-N	C1=C(C=C2NC(CC3=C(N=C(NC4=C(N=CC(=C4)CCCN(C)C)C)N=C3)C2=C1)=S)Cl	-9.7	-9.2	-8.5	-10.3	-9.5	-8.4	-5.5	-7.9	-9.1	-8.0	-8.7	-9.5	-7.7	-8.2	-8.5	-9.1	-10.1	-8.3	-9.7	-10.1	-6.9	-8.0	-9.0	-9.3	-6.1	-8.7	-8.2	-7.5	-6.5	-8.2	-8.9	-8.8	-8.5	-9.3	-8.1	-9.0	-8.8	-8.5	-9.2	-9.6	-8.1	-7.3	-10.1	-10.3	-9.3	-9.1	-9.8	-8.8	-10.1	-9.9	-10.2	-8.8	-8.7	-8.4	-8.8	-6.2	-9.2	-8.8	5.033620000000004	0.5079667593817893
XLGKHWGSIZWZNN-GPQMBLKYNA-N	CC=1C=CC=C(NC2=NC=C(O2)C3=CC=CC=C3)C1	-8.9	-10.1	-8.6	-9.1	-9.5	-8.4	-8.5	-6.7	-9.7	-8.7	-8.5	-8.3	-6.8	-9.0	-9.4	-7.9	-8.4	-8.7	-9.1	-9.3	-9.4	-7.4	-7.9	-8.6	-7.9	-8.1	-9.0	-8.2	-8.6	-8.9	-8.7	-8.4	-8.8	-8.7	-9.6	-8.4	-8.6	-8.5	-8.9	-10.5	-6.8	-7.8	-8.7	-9.7	-8.7	-8.3	-9.0	-8.2	-9.4	-8.4	-8.7	-9.0	-7.8	-9.3	-7.8	-10.3	-7.7	-8.7	4.393620000000003	0.7485795054904657
SXDKGCMVRCIVQC-JUAPRGFANA-N	O(C1=C(/C=C/C(=O)NCCC2=NC=3C(N2)=CC=CC3)C=C(OC)C=C1)C	-8.7	-9.0	-8.6	-9.7	-10.0	-8.3	-8.8	-7.5	-9.0	-7.8	-8.4	-9.0	-7.6	-9.6	-7.9	-7.6	-9.2	-8.6	-8.8	-10.0	-8.3	-8.0	-7.9	-8.7	-8.5	-8.0	-8.6	-8.2	-8.5	-8.0	-8.3	-7.6	-9.1	-9.3	-7.9	-8.9	-9.0	-8.0	-8.7	-10.0	-6.9	-7.3	-9.0	-8.8	-8.8	-8.0	-9.3	-9.4	-9.3	-8.8	-9.2	-8.9	-7.3	-8.7	-7.7	-9.9	-8.3	-9.0	2.9522000000000013	0.6418329132057783
CTGVIKGUYZKZSY-WBMJQRKENA-N	FC=1C(C[C@@H](N)CC(=O)N2[C@@H](CCC2)C=3N=C(ON3)C(C)(C)C)=CC(F)=C(F)C1	-8.9	-8.0	-9.2	-9.8	-10.1	-8.2	-7.7	-7.2	-9.6	-8.9	-8.3	-7.7	-7.4	-9.7	-7.7	-8.6	-8.6	-9.2	-9.8	-10.2	-9.0	-8.0	-8.4	-9.9	-5.5	-8.6	-8.5	-8.3	-8.3	-7.8	-8.7	-8.4	-7.8	-9.6	-7.3	-8.9	-8.8	-8.6	-9.1	-9.7	-7.3	-7.5	-9.5	-8.8	-9.8	-9.0	-8.6	-8.6	-9.0	-8.3	-9.3	-8.7	-8.6	-9.0	-8.2	-10.2	-8.5	-9.2	3.408000000000002	0.7638841182332365
WVWDBEHIIDCZGH-CASJYSRLNA-N	O[C@@H]1[C@@]2([C@H]([C@H]3[C@@H]([C@@]4([C@@H](CC3CCCCCCCC(=O)N(CC)CC)CC(=O)CC4)C)CC2)CC1)C	-8.9	-7.9	-8.8	-9.8	-10.0	-7.4	-6.2	-6.2	-9.9	-9.2	-7.7	-6.5	-7.6	-9.7	-7.6	-8.3	-9.5	-7.5	-8.7	-10.6	-6.1	-7.5	-9.2	-9.1	-5.0	-8.3	-7.9	-9.4	-8.2	-8.7	-7.6	-8.9	-9.0	-9.0	-6.4	-7.6	-8.4	-8.4	-8.9	-9.6	-6.9	-6.2	-9.9	-9.3	-8.7	-8.6	-9.8	-9.4	-9.9	-7.5	-9.8	-8.8	-8.3	-8.9	-8.5	-7.5	-7.6	-8.4	6.784300000000008	0.3453723488956415
KSRYRCDROGTYRA-UHFFFAOYNA-N	C1(OC2=CC(=C(C#N)C=C2)C(F)(F)F)C(N(CC1(C)C)CC(OC)=O)=O	-7.6	-9.7	-7.3	-8.2	-8.3	-7.3	-8.1	-7.2	-7.8	-6.9	-8.0	-8.0	-7.1	-8.9	-7.3	-7.7	-7.8	-7.8	-9.2	-9.3	-9.1	-7.5	-8.2	-8.0	-6.9	-8.3	-9.0	-6.4	-8.8	-7.1	-8.4	-7.9	-7.3	-7.6	-7.2	-7.9	-7.3	-7.5	-8.0	-8.1	-6.4	-7.7	-8.3	-8.4	-8.8	-8.0	-8.4	-8.3	-9.0	-7.6	-8.5	-7.2	-8.1	-8.0	-7.5	-9.7	-8.0	-6.9	2.36588	0.7605235669645765
GAHOHTVFWDBEJA-CHHPPJJSNA-N	O=C(NNC(=O)C1=CC=C(NC(=O)C=2C=CC=CC2)C=C1)CCC3=CC=CC=C3	-11.1	-10.2	-9.7	-10.8	-11.2	-9.3	-8.8	-8.5	-9.5	-8.4	-8.9	-9.8	-8.4	-11.0	-9.5	-9.3	-10.0	-9.6	-9.7	-9.1	-7.9	-9.0	-9.2	-9.3	-9.3	-9.4	-9.4	-9.2	-9.3	-8.6	-8.6	-9.2	-10.8	-10.9	-9.6	-9.8	-9.1	-8.9	-8.8	-10.3	-8.1	-8.4	-9.7	-9.9	-10.6	-9.4	-11.4	-10.3	-10.6	-9.2	-9.5	-9.7	-8.4	-9.4	-8.7	-10.6	-9.0	-10.5	3.332700000000001	0.5671306000802167
UYHCIKJLSMEARZ-JIBACQESNA-N	C1[C@@H](CC[C@H](C1)CCN2CCC(CC2)CC=3C=C(C=CC3)C(F)(F)F)NS(C4=CC=C(C=C4)N5C=CC=N5)(=O)=O	-9.9	-10.2	-10.4	-11.4	-11.4	-10.8	-6.7	-8.0	-10.3	-9.7	-9.2	-10.4	-8.2	-10.7	-9.7	-10.1	-11.1	-9.7	-11.2	-11.7	-7.7	-9.8	-10.3	-10.4	-7.5	-9.9	-10.4	-10.0	-10.7	-9.7	-9.5	-9.0	-10.7	-10.7	-8.6	-10.4	-9.1	-10.1	-10.2	-11.5	-8.3	-9.2	-11.4	-11.7	-11.3	-10.6	-11.5	-11.1	-11.0	-9.6	-11.1	-9.7	-9.3	-10.1	-9.1	-9.4	-9.1	-9.8	6.073000000000008	0.3368464735597578
HEVNRMGCNLBWCB-HWHDIUAINA-N	S(C=1N2C(=NN1)C(CC)=C(N=C2N)C)CC(=O)NC=3C=CC=CC3	-7.7	-9.0	-8.5	-9.7	-9.1	-7.9	-9.2	-6.5	-8.6	-7.6	-7.8	-8.2	-7.7	-9.6	-8.2	-7.5	-8.6	-8.5	-8.8	-9.7	-7.8	-6.9	-8.5	-8.9	-7.3	-8.1	-8.3	-8.3	-9.3	-7.9	-8.0	-7.4	-8.6	-9.0	-8.9	-8.6	-7.8	-8.2	-8.1	-9.9	-7.0	-7.6	-8.4	-9.2	-8.8	-8.8	-8.9	-9.0	-8.7	-8.3	-8.8	-8.0	-6.8	-8.5	-8.9	-9.5	-8.0	-9.2	2.3081200000000006	0.6905220609373123
GWKZBCSXCDIJEX-LKHHGCNMNA-N	S1SCCC1CCCCC(=O)NCCCCCCNC=2C=3CCCCC3N=C4C2C=CC=C4	-8.8	-7.4	-8.6	-8.7	-10.1	-8.0	-7.2	-6.7	-8.2	-8.9	-7.3	-6.8	-6.6	-9.1	-7.0	-7.8	-9.1	-7.5	-8.7	-9.5	-5.9	-6.3	-8.2	-8.3	-7.8	-7.7	-8.0	-8.6	-9.0	-7.3	-7.5	-7.4	-9.2	-8.4	-9.0	-9.1	-8.2	-7.8	-8.7	-10.5	-6.0	-6.9	-9.1	-8.5	-8.5	-7.6	-8.3	-8.6	-7.6	-7.5	-8.6	-8.4	-6.1	-8.7	-7.6	-8.5	-7.8	-7.5	6.916200000000007	0.2382547183622539
YZKGQHRABFMYLD-YHMJCDSINA-N	C12=C(SC(=C1CCCC3=C2NN=C3)C)C	-7.1	-8.3	-6.9	-7.9	-7.1	-7.6	-7.4	-5.9	-7.6	-7.0	-7.1	-6.1	-7.1	-8.9	-6.4	-7.2	-6.5	-6.1	-8.2	-8.4	-7.2	-7.1	-7.2	-7.8	-7.5	-7.3	-8.1	-7.2	-7.2	-7.5	-8.0	-6.9	-6.7	-7.0	-7.7	-7.8	-7.7	-6.9	-7.7	-9.1	-5.8	-6.5	-8.0	-7.0	-7.2	-6.4	-7.3	-7.0	-7.0	-6.2	-6.7	-7.9	-6.5	-8.0	-6.8	-7.6	-6.2	-6.5	3.2437400000000016	0.7221785020069766
AFFLBRXMACQRSP-RKBYZMGFNA-N	N([C@H]1CSCC=CCSC[C@H](NC([C@@H](NC1=O)C)=O)[C@@H](O)C[C@H](C(NCCCC)=O)C)C(=O)OC(C)(C)C	-6.5	-7.1	-7.0	-6.7	-7.8	-7.5	-5.3	-7.1	-7.9	-6.3	-7.2	-6.5	-7.3	-7.0	-7.0	-6.2	-6.8	-7.9	-8.9	-6.9	-5.8	-6.9	-7.6	-9.0	-4.4	-7.3	-6.8	-6.7	-4.0	-6.3	-7.0	-7.2	-6.4	-7.4	-7.4	-5.6	-6.9	-7.8	-7.7	-7.4	-7.3	-7.3	-8.4	-9.7	-5.5	-8.0	-7.3	-8.0	-6.7	-7.0	-8.8	-6.7	-6.6	-7.3	-6.7	-5.3	-7.6	-6.4	2.208800000000001	0.2191508137729826
YYWDYAPEXPQOPV-QWOVJGMINA-N	ClCCC1=CN2N=C(C=C2N=C1)C(=O)NC3=C(C=CC=C3)C(F)(F)F	-8.7	-9.9	-8.8	-9.6	-9.5	-8.3	-9.9	-7.2	-9.1	-8.4	-8.3	-9.1	-7.5	-8.4	-9.3	-8.2	-8.5	-8.4	-9.6	-9.8	-8.8	-7.0	-8.2	-8.5	-8.0	-8.5	-8.2	-7.8	-8.9	-7.7	-8.4	-8.5	-9.3	-9.7	-7.6	-9.4	-9.3	-8.3	-8.6	-9.2	-7.8	-7.8	-9.4	-8.6	-8.8	-8.6	-8.8	-9.5	-9.3	-8.2	-8.7	-8.8	-7.5	-9.1	-8.3	-10.6	-7.9	-9.6	3.7817000000000016	0.7128475017149442
AEIWZHYVLIGWLG-HCKMINDGNA-N	S1C(C(=O)CC2(O)C3=C(NC2=O)C(CC)=CC=C3)=CC=C1	-8.3	-8.5	-8.5	-7.9	-8.3	-7.9	-8.5	-6.6	-8.4	-8.4	-7.8	-7.5	-6.7	-8.4	-7.7	-7.4	-7.8	-7.7	-8.4	-8.9	-8.3	-7.1	-7.7	-7.6	-7.7	-7.6	-8.2	-7.7	-8.4	-7.5	-8.0	-7.7	-7.9	-8.6	-8.5	-8.0	-7.8	-7.1	-7.9	-9.1	-6.1	-7.5	-8.4	-8.3	-8.3	-8.3	-8.5	-7.6	-7.4	-7.5	-8.1	-7.9	-7.5	-8.0	-7.6	-9.1	-7.6	-7.1	2.723200000000001	0.8533434157094195
GPEHOBIPHPZDPZ-UHFFFAOYNA-N	C1=CC=2C(=C(N(C2N=C1)C3=CC=CC=C3)OC4=CC=CC=C4C)C(N5CCNCC5)=O	-8.4	-9.0	-8.2	-9.3	-9.8	-7.9	-5.4	-7.8	-10.6	-6.8	-6.9	-7.9	-7.9	-9.9	-6.9	-7.5	-10.1	-7.8	-10.1	-10.4	-7.9	-6.8	-8.5	-10.1	-6.4	-8.8	-8.2	-7.6	-6.7	-7.3	-8.1	-8.9	-7.7	-8.2	-7.4	-6.6	-7.6	-8.0	-10.1	-8.9	-7.6	-7.0	-8.9	-10.4	-7.3	-8.3	-8.5	-8.8	-8.4	-8.3	-9.4	-7.5	-8.4	-9.3	-9.8	-6.9	-8.3	-7.0	4.171620000000003	0.5465524838786098
XEVRCXXOIPCZGJ-GPQMBLKYNA-N	N1=C(C(O)=NC2=C1C=CC=C2)CC3=CC=CC=C3	-8.9	-9.5	-8.8	-8.7	-8.9	-7.9	-8.8	-6.3	-9.0	-8.2	-7.9	-8.5	-7.5	-8.7	-8.6	-7.3	-8.2	-8.8	-8.2	-8.7	-8.6	-7.6	-7.4	-7.8	-8.5	-7.8	-8.6	-8.4	-8.5	-8.1	-8.2	-7.7	-8.6	-9.0	-9.1	-8.6	-8.2	-7.4	-8.2	-9.7	-6.5	-7.5	-8.2	-8.3	-8.5	-7.8	-8.9	-7.8	-8.9	-7.7	-8.5	-8.7	-7.8	-8.3	-7.6	-9.2	-7.3	-7.8	2.9262000000000006	0.7437248551617928
LZWDVLLURPUKQS-UHFFFAOYNA-N	O=C(N1CCC=2C(C1)=CC=CC2)CCCCCN3CCN(CC3)C=4C(=CC=CC4)C5=CC=CC=C5	-9.8	-9.1	-8.7	-12.0	-11.8	-10.2	-6.1	-8.1	-9.6	-9.9	-8.4	-7.6	-7.8	-9.4	-10.1	-8.6	-10.2	-8.6	-9.4	-10.5	-7.4	-7.4	-10.1	-10.0	-6.5	-9.9	-9.6	-9.8	-9.5	-8.9	-8.6	-7.9	-9.6	-10.0	-7.5	-10.4	-7.7	-8.9	-10.9	-11.9	-8.2	-7.8	-11.2	-9.7	-9.5	-10.1	-10.0	-9.9	-9.9	-9.7	-10.3	-9.8	-7.7	-9.8	-9.1	-8.6	-9.2	-7.6	5.620900000000006	0.4023803374341255
JLSANGMATGRZMD-NDKGDYFDNA-N	ClC=1C=C(N(=O)=O)C(C(=O)NC=2SC(=NN2)COC)=CC1	-7.2	-8.6	-7.4	-8.9	-8.5	-7.4	-6.9	-6.4	-7.2	-6.4	-6.7	-8.1	-6.7	-8.8	-7.5	-6.7	-7.3	-7.9	-7.6	-8.4	-7.9	-6.9	-7.0	-7.8	-7.6	-7.2	-7.2	-6.2	-7.9	-7.3	-7.2	-7.2	-7.5	-8.2	-6.6	-7.8	-7.0	-6.6	-7.6	-7.7	-6.3	-6.8	-7.5	-7.4	-7.8	-7.4	-7.8	-7.9	-7.7	-7.1	-7.9	-7.1	-7.1	-7.7	-7.0	-8.6	-7.7	-7.0	2.4984	0.6670578456433678
GIIILVRGSMAAFN-WVWJDEGXNA-N	O=C1N[C@@H](CCCCNC(OCCC[C@@H]([C@H]1CC(C)C)C(=O)NO)=O)C(=O)NCCC=2C3=C(NC2)C=CC(=C3)C	-10.1	-9.4	-8.6	-10.2	-10.0	-9.9	-6.1	-8.1	-9.0	-7.7	-9.3	-9.3	-8.9	-10.9	-9.7	-8.2	-9.8	-9.2	-11.7	-8.2	-7.5	-8.3	-8.7	-10.6	-5.8	-9.2	-9.6	-8.4	-7.2	-7.7	-8.5	-8.5	-8.8	-9.0	-8.7	-7.5	-8.1	-8.6	-8.7	-8.6	-7.7	-8.0	-8.7	-11.5	-6.6	-9.4	-9.3	-9.4	-7.8	-10.0	-9.5	-8.6	-7.7	-9.3	-9.4	-5.6	-9.0	-7.4	3.0940200000000013	0.22645339784656
IMSSROKUHAOUJS-MJCUULBUNA-N	[C@]12([C@H]([C@@H]3CCC4=C([C@H]3CC1)C=CC(OC)=C4)CC[C@]2(C#C)O)C	-9.1	-10.8	-7.8	-9.0	-8.3	-8.1	-7.8	-7.0	-9.2	-7.0	-8.4	-9.5	-7.0	-7.7	-8.2	-8.1	-8.2	-8.0	-9.1	-9.5	-8.4	-7.6	-8.3	-8.5	-8.7	-8.0	-9.4	-6.8	-9.1	-8.0	-8.3	-9.0	-8.2	-8.0	-6.6	-6.3	-7.8	-8.1	-8.9	-7.9	-6.5	-6.9	-9.1	-9.1	-9.4	-7.7	-9.5	-8.7	-8.5	-7.4	-8.9	-8.2	-8.3	-8.4	-8.6	-8.9	-8.0	-8.6	3.915600000000003	0.7968347529245803
XBAXVFKZJRXEKO-VEWCPZSHNA-N	S(C=1C=CC(NC=2NC=NC3=NC=NC23)=CC1)C(F)F	-8.0	-8.6	-8.5	-8.5	-8.1	-7.1	-8.6	-6.6	-7.9	-7.3	-7.8	-8.3	-6.9	-8.3	-7.9	-7.0	-7.9	-8.7	-8.1	-8.8	-7.9	-7.5	-7.6	-7.9	-7.9	-8.1	-7.9	-8.4	-8.1	-7.3	-7.6	-7.1	-7.7	-8.9	-8.7	-7.2	-7.7	-6.9	-8.1	-9.2	-6.3	-6.7	-8.0	-7.8	-8.2	-7.7	-8.7	-8.2	-7.9	-7.8	-8.5	-7.8	-7.5	-7.8	-7.1	-8.6	-7.2	-8.5	3.3628	0.7219631053622809
HBRQDAFFSGDGRI-YGPBECBDNA-N	S(CC(=O)C=1C(=C(NC1C)C)C(OCC)=O)C=2SC(=NN2)N	-7.0	-6.8	-6.8	-7.7	-7.6	-6.8	-6.9	-6.9	-7.9	-6.6	-7.3	-6.7	-6.9	-7.1	-6.3	-6.8	-7.2	-7.1	-7.3	-8.8	-7.1	-6.3	-6.6	-7.7	-7.5	-7.0	-6.8	-7.1	-7.1	-7.3	-7.6	-6.9	-6.4	-7.3	-7.4	-7.6	-7.0	-6.5	-7.2	-8.9	-6.3	-6.4	-7.2	-7.5	-7.5	-7.0	-7.1	-7.5	-7.4	-6.6	-7.7	-7.5	-6.8	-7.1	-6.7	-7.4	-7.0	-6.7	2.21694	0.4709401733566115
WBSJBKQUCWBFIH-MPIMZMORNA-N	BrC1=CC(F)=C(NC(=O)C=2OC3=C(C=C(S(=O)(=O)N(CC)CC)C=C3)C2C)C=C1	-9.3	-9.9	-8.7	-9.9	-10.1	-8.1	-8.6	-7.2	-8.5	-7.4	-8.3	-8.5	-7.4	-7.3	-8.5	-7.8	-9.6	-8.4	-8.8	-9.2	-6.6	-7.4	-7.9	-8.6	-6.0	-8.1	-8.4	-7.7	-8.3	-7.1	-8.2	-8.7	-8.7	-9.8	-8.0	-9.0	-7.7	-8.1	-9.2	-8.2	-7.3	-7.3	-9.3	-9.3	-9.2	-9.0	-9.5	-9.3	-9.2	-8.3	-8.9	-8.2	-7.4	-9.0	-8.1	-9.3	-8.7	-8.8	4.925620000000004	0.5397205017588141
UVFXIOIXXOVAMF-GPQMBLKYNA-N	S(O)(=O)(=NC1=CC2=C(C3=C(C2=NO)C=CC=C3)C=C1)C	-8.8	-10.8	-8.0	-9.3	-8.9	-8.9	-9.5	-8.4	-9.1	-8.3	-8.5	-7.5	-7.6	-9.9	-8.9	-8.4	-8.4	-8.7	-9.8	-10.4	-8.3	-8.4	-8.7	-9.0	-8.9	-9.4	-9.7	-8.1	-8.9	-8.4	-9.3	-8.8	-8.3	-8.4	-9.7	-8.7	-8.1	-7.9	-9.5	-11.0	-6.7	-8.1	-8.9	-8.9	-8.8	-8.4	-8.7	-8.4	-8.9	-7.9	-8.7	-9.2	-7.7	-9.3	-8.6	-10.3	-7.8	-7.4	3.095900000000001	0.5329309027889775
BPLOSDOZSCUZET-UHFFFAOYNA-N	S(=O)(=O)(C=1N(N=NN1)C2CCCCC2)CC3=CC=CC=C3	-9.0	-9.4	-8.5	-8.2	-8.5	-7.8	-6.6	-7.0	-8.9	-8.4	-7.9	-7.4	-7.0	-8.1	-6.7	-7.8	-8.3	-7.8	-8.3	-10.3	-8.3	-6.9	-7.5	-8.2	-8.0	-7.5	-8.3	-8.1	-8.4	-7.9	-7.6	-7.2	-7.8	-8.6	-9.1	-8.2	-7.7	-7.4	-8.3	-9.8	-6.6	-7.9	-8.2	-8.6	-8.7	-8.2	-8.6	-8.1	-8.6	-8.0	-8.4	-8.3	-7.8	-8.1	-7.4	-9.4	-8.1	-8.9	2.1522	0.8646168503693162
JSZMVEDRZLWINJ-ZFJUVRDGNA-N	CC1(C)CC(C=2C3=C(N(C2C1)C4=CC(=C(C=C4)C(=O)N)NCCOC)CN(CC3)C)=O	-8.4	-8.4	-8.8	-9.5	-8.9	-8.0	-5.4	-7.5	-8.0	-7.4	-9.4	-7.7	-7.2	-9.4	-6.9	-9.0	-9.2	-6.8	-9.4	-10.5	-5.6	-7.3	-8.6	-9.2	-6.1	-8.7	-6.8	-6.6	-5.9	-8.8	-8.6	-8.4	-7.7	-7.5	-7.4	-7.3	-7.8	-8.2	-8.9	-9.0	-6.9	-6.5	-8.5	-8.2	-7.7	-8.3	-8.1	-8.1	-8.7	-8.2	-10.0	-10.1	-7.6	-8.4	-8.3	-5.9	-8.3	-7.0	2.7775000000000016	0.6962925764357462
JOWIFWZANTZFSK-PECIQRARNA-N	ClC1=CC=C(C2=NC=3N(C4CCCCC4)C(=O)N(C3C(=N2)C(=O)N)CC(OCC)=O)C=C1	-8.1	-8.2	-9.2	-9.2	-9.0	-8.1	-5.0	-7.7	-8.6	-6.1	-8.0	-7.4	-7.7	-7.9	-8.4	-7.9	-9.0	-9.2	-10.1	-10.8	-5.8	-6.8	-8.5	-9.9	-6.8	-7.7	-8.2	-7.6	-6.7	-8.3	-9.0	-8.4	-7.8	-9.5	-7.7	-7.8	-7.9	-8.4	-10.0	-8.4	-7.6	-7.9	-8.9	-10.4	-6.4	-9.3	-8.8	-8.4	-9.5	-8.1	-9.3	-8.5	-7.7	-8.5	-8.5	-6.2	-8.1	-7.1	3.0806000000000004	0.5673138431406325
RLTZYDAKTWHDNA-LNNLXFCONA-N	FC1=CC=C(N2CCN(C(C3CC3)C(=O)NC=4C=C5OCCOC5=CC4)CC2)C=C1	-10.6	-8.7	-9.6	-9.7	-10.3	-9.2	-6.3	-8.2	-9.8	-7.5	-8.2	-8.5	-7.9	-10.3	-9.2	-8.5	-9.0	-9.3	-9.8	-10.4	-7.3	-8.1	-9.0	-10.0	-6.6	-8.5	-9.0	-7.9	-9.4	-8.2	-8.8	-8.6	-8.9	-10.0	-7.8	-10.0	-9.4	-9.0	-9.5	-8.5	-7.6	-8.4	-10.4	-10.4	-10.3	-9.8	-10.7	-8.4	-9.5	-8.9	-10.3	-9.0	-9.0	-8.8	-8.3	-10.4	-8.5	-8.9	3.136200000000001	0.8194032720414824
UNBYRFPUUKYJNQ-SKJZEBDGNA-N	ClC1=CC=C(OCC(=O)N2CC3(ON=C(C3)C=4C=C(NC(=O)/C(/C)=C\C)C=CC4)C[C@@H]2C(=O)N)C=C1	-9.3	-10.1	-10.6	-10.8	-11.2	-9.9	-5.5	-8.8	-9.4	-8.3	-9.2	-9.2	-8.1	-9.9	-9.5	-9.7	-10.7	-9.9	-10.9	-11.6	-7.9	-8.6	-10.1	-10.1	-6.8	-9.7	-9.5	-8.4	-10.5	-9.7	-8.8	-9.2	-9.1	-11.1	-8.9	-9.7	-9.7	-9.7	-10.2	-10.4	-8.4	-8.9	-10.7	-11.2	-9.8	-10.1	-10.8	-10.6	-10.2	-9.4	-10.0	-10.1	-10.1	-9.6	-8.9	-9.7	-9.8	-9.7	3.273100000000001	0.553203336065371
VDTAJUONJQNBDK-WUSLAWIHNA-N	C=1(C=C2C=C(C(=O)NC2=CC1)C=3NC=4CN(CCC4N3)C(C=5C=CC(=CC5)CN6CCCCC6)=O)F	-10.1	-11.8	-10.9	-11.8	-12.0	-10.4	0.7	-9.6	-9.9	-8.4	-9.7	-10.3	-9.9	-9.7	-11.1	-10.6	-11.4	-11.3	-11.9	-10.9	-9.5	-8.6	-10.5	-10.8	-7.5	-10.2	-11.1	-9.7	-9.4	-9.4	-9.9	-10.4	-10.8	-11.5	-9.9	-10.7	-11.0	-9.9	-10.7	-10.7	-9.0	-9.6	-9.5	-11.2	-8.1	-11.4	-12.6	-11.2	-11.5	-9.9	-11.0	-11.5	-9.1	-10.6	-10.5	-9.7	-9.9	-11.2	4.241700000000003	0.4528686180837846
DGCHIPOUBUMPLH-UHFFFAOYNA-N	C1(=CC(=C2OC(C(=CC2=C1)C(OCC)=O)=O)Br)Cl	-7.8	-8.1	-7.3	-8.0	-7.4	-7.8	-6.9	-6.2	-8.2	-6.8	-6.8	-6.4	-6.8	-8.0	-7.6	-7.1	-6.6	-6.8	-7.8	-8.3	-7.6	-8.2	-6.7	-7.1	-7.3	-7.3	-8.0	-6.9	-7.9	-7.3	-7.4	-7.0	-6.8	-7.4	-8.6	-7.2	-7.7	-6.8	-7.7	-9.3	-5.8	-7.3	-7.4	-7.7	-7.4	-7.3	-7.5	-7.2	-7.5	-7.6	-7.5	-7.6	-6.8	-7.5	-6.8	-7.9	-6.9	-6.9	3.385600000000002	0.6250800943238469
UVKQQRPZWOKEMD-UYBDAZJANA-N	C=1C(NCC2=CC=CS2)=NC(=NC1OCCOC)C3=CC=C(S(=O)(=O)C)C=C3	-8.0	-7.8	-8.6	-8.4	-8.5	-8.0	-7.4	-7.2	-8.3	-7.5	-7.9	-7.6	-7.1	-7.5	-7.8	-7.2	-8.1	-8.2	-8.5	-9.2	-6.0	-8.2	-7.9	-8.4	-5.8	-7.6	-7.9	-7.4	-8.0	-7.4	-8.0	-8.1	-7.2	-8.8	-7.7	-8.7	-8.1	-7.6	-8.4	-9.5	-6.8	-7.3	-8.6	-8.4	-8.8	-8.2	-9.1	-7.7	-8.4	-7.8	-8.7	-7.8	-7.1	-8.5	-7.6	-7.3	-8.0	-8.0	3.2459000000000016	0.532513297662083
GSUSTOPJINIONQ-UHFFFAOYNA-N	O=C(N1CC2=C(N3N=NC=C3C1)C=CC(=C2)C4=CC=C(OC)C=C4)C(C)(C)C	-9.1	-8.7	-8.7	-11.1	-9.7	-8.8	-5.2	-7.4	-9.3	-7.8	-9.4	-7.4	-7.3	-8.8	-8.8	-8.4	-9.5	-9.4	-10.2	-9.8	-7.8	-8.2	-8.7	-9.8	-6.0	-8.6	-10.5	-8.0	-8.8	-8.2	-8.4	-8.7	-8.2	-9.8	-7.8	-8.7	-8.5	-8.7	-9.3	-8.9	-7.3	-8.0	-10.6	-10.1	-9.1	-8.7	-8.8	-8.9	-8.7	-8.7	-9.9	-8.6	-9.6	-9.9	-8.2	-8.0	-8.7	-7.9	3.8312000000000026	0.6819481135423843
DMLFWIXGKIVDCQ-NDKGDYFDNA-N	OCCCNC=1N(C2=C(N1)C=C(C=C2)C)C	-6.8	-7.5	-6.9	-7.5	-7.0	-6.9	-7.7	-5.9	-7.9	-7.3	-6.2	-6.9	-5.8	-7.4	-6.6	-6.4	-7.0	-7.4	-6.8	-8.2	-6.9	-6.5	-6.4	-6.8	-6.8	-6.5	-7.3	-7.0	-6.9	-6.9	-7.4	-6.3	-6.8	-7.8	-7.3	-6.9	-6.4	-6.0	-7.1	-8.2	-6.1	-6.2	-6.6	-7.1	-7.3	-6.5	-7.4	-6.5	-7.4	-7.1	-7.0	-7.0	-6.2	-7.1	-6.5	-8.0	-6.6	-6.6	1.6760199999999996	0.7690858955804414
OASPDDCTXCUYQB-LZYBPNLTNA-N	C1(=CC(C=2C=CC(=C(C2)F)OC)=CC=C1O)/C=N/O	-7.7	-9.4	-8.2	-9.0	-8.3	-7.7	-8.1	-6.9	-8.6	-7.3	-7.9	-9.4	-7.5	-8.9	-9.1	-7.8	-7.4	-7.7	-8.4	-9.3	-7.9	-8.0	-7.1	-7.9	-8.0	-7.8	-9.1	-8.5	-8.0	-7.4	-8.1	-7.5	-8.7	-9.1	-9.2	-7.9	-7.4	-7.6	-8.4	-9.8	-6.9	-7.0	-8.5	-7.7	-8.8	-7.8	-8.6	-8.4	-8.2	-7.6	-8.6	-8.8	-7.7	-8.4	-7.8	-9.1	-7.4	-8.8	3.015000000000001	0.5069025177081379
SGEHRLCKCLJUHB-PDJAEHLQNA-N	O=C(N1C2CC(NC(=O)C(C)(C)C)CC1CCC2)NC=3C=C(OC)C=CC3	-7.6	-8.3	-8.9	-8.7	-8.8	-8.5	-6.1	-7.3	-8.8	-7.4	-8.1	-7.5	-7.1	-7.4	-7.1	-7.8	-8.2	-8.0	-9.6	-8.7	-6.4	-7.2	-8.2	-9.2	-6.5	-8.1	-8.4	-6.9	-9.1	-7.2	-7.7	-7.9	-8.8	-8.8	-7.3	-8.0	-7.8	-7.6	-8.4	-8.6	-7.0	-8.0	-9.2	-9.1	-10.4	-8.5	-8.9	-9.3	-8.7	-7.6	-9.5	-7.9	-8.5	-7.8	-7.8	-9.8	-7.8	-7.4	3.7749000000000015	0.8470851944209151
CTMMEJOLMGOXOW-KZFATGLANA-N	O1C(CC2=NC(=O)NC2=O)=CC=C1	-6.4	-6.6	-6.6	-6.7	-6.8	-6.2	-6.2	-6.4	-7.1	-7.0	-6.0	-6.5	-7.1	-6.6	-6.3	-5.8	-6.4	-6.7	-6.6	-6.9	-6.2	-6.6	-5.6	-6.4	-6.2	-5.7	-6.5	-6.3	-5.9	-6.3	-6.0	-5.8	-6.8	-6.9	-6.6	-6.5	-6.3	-5.9	-6.4	-7.1	-5.4	-6.2	-5.8	-6.3	-6.3	-6.3	-6.9	-6.6	-6.8	-6.2	-6.9	-6.0	-5.9	-6.2	-5.8	-7.4	-5.7	-6.3	0.5129000000000001	0.7167525651525005
NEGAWQQFSSYDOP-DOAPSCCLNA-N	N1=C(N)C2=C(N=C([C@@H]3CC[C@H](CC3)C(=O)O)N2C=C1)C=4C(=C5N=C(C=CC5=CC4)C6=CC=CC=C6)F	-9.7	-11.7	-10.2	-12.5	-11.9	-10.5	-0.8	-9.6	-10.5	-8.1	-9.7	-9.1	-8.5	-10.5	-10.4	-10.1	-12.6	-11.0	-11.2	-12.0	-8.7	-9.1	-11.7	-11.0	-6.4	-9.5	-10.9	-9.0	-7.1	-9.3	-9.9	-9.9	-10.3	-11.0	-9.8	-11.1	-10.9	-9.8	-10.1	-9.9	-9.9	-9.3	-10.9	-12.4	-9.9	-10.7	-10.2	-11.7	-12.3	-9.8	-11.2	-10.0	-9.6	-10.5	-10.0	-7.6	-9.1	-9.0	5.691200000000004	0.3414851644385691
MWMAPEHVMCKGKF-DZQCGVKKNA-N	S(C=1N=C(C=C(C1C(=O)N)C)C)CC(=O)C=2C=CC(=CC2)C	-8.7	-9.0	-8.7	-8.8	-8.6	-7.4	-8.5	-6.2	-8.7	-7.4	-7.7	-7.4	-7.7	-8.6	-8.2	-8.1	-7.9	-7.1	-8.3	-9.5	-8.5	-7.3	-7.7	-8.4	-7.9	-8.1	-8.6	-7.8	-8.5	-8.0	-8.4	-6.7	-8.6	-9.0	-8.1	-8.1	-8.0	-7.6	-8.6	-9.4	-6.9	-7.0	-8.7	-8.4	-8.2	-8.7	-8.7	-8.2	-8.5	-7.8	-8.2	-8.2	-7.9	-8.7	-7.3	-9.0	-7.5	-8.1	3.080760000000001	0.6796953337640191
QGIQRKYGLVLNRQ-UXUKNDFSNA-N	FC1=CC=C([C@@H]2CC(=CC(=O)C2)C3=NNN=C3C4=C(OC)C=CC=C4)C=C1	-8.7	-9.2	-9.1	-9.5	-9.5	-8.8	-6.4	-8.0	-10.4	-7.7	-8.6	-8.1	-7.5	-9.6	-8.8	-8.5	-9.0	-8.1	-10.2	-11.5	-8.5	-7.6	-9.2	-9.3	-7.8	-9.3	-9.3	-7.6	-9.8	-8.4	-8.4	-8.3	-8.2	-7.6	-6.9	-7.5	-8.7	-7.8	-10.3	-10.9	-7.1	-7.5	-9.8	-10.3	-10.1	-9.0	-8.6	-8.7	-9.7	-9.0	-9.8	-8.5	-9.3	-9.2	-8.8	-11.0	-8.7	-7.6	4.149500000000002	0.7560813549455422
FCUDBLATUCYZEH-UYBDAZJANA-N	S1C(NC(=O)C2OC=3C(OC2)=CC=CC3)=NC(C4=NC=CC=C4)=C1	-10.1	-10.7	-9.8	-9.4	-9.7	-8.8	-8.6	-8.0	-9.0	-7.7	-8.3	-8.7	-8.0	-8.7	-8.5	-8.6	-10.0	-8.6	-9.5	-10.3	-7.8	-8.5	-9.4	-9.5	-8.4	-8.6	-9.1	-8.1	-9.9	-8.2	-8.6	-8.5	-10.3	-10.2	-8.4	-9.6	-9.3	-8.6	-9.2	-9.4	-7.6	-8.6	-9.5	-9.5	-9.5	-9.7	-10.9	-9.9	-9.5	-9.3	-9.5	-9.0	-7.9	-9.0	-8.3	-9.7	-8.5	-9.4	2.983600000000001	0.7940071196969323
DPXXYOAXNOIRQL-NQSIIUBLNA-N	O1CCN(CC1)C(=O)C=2C=CC(NC(=O)/C=C/C=3OC=CC3)=CC2	-8.6	-9.6	-9.0	-9.2	-10.0	-7.9	-9.0	-7.3	-7.5	-7.3	-7.9	-9.0	-8.2	-7.4	-9.0	-7.7	-8.6	-8.0	-8.8	-9.8	-7.0	-7.1	-8.0	-8.1	-8.5	-7.9	-8.1	-8.1	-9.1	-7.5	-8.1	-7.9	-9.4	-10.3	-9.0	-8.7	-7.4	-7.5	-8.5	-8.5	-6.8	-7.2	-8.8	-8.3	-8.5	-8.6	-9.1	-8.8	-8.8	-7.6	-8.9	-7.6	-7.7	-8.2	-7.9	-10.3	-7.3	-9.3	2.4039	0.8759192005401469
VOBZRJHAWQHIBZ-UHFFFAOYNA-N	ClC=1SC(S(=O)(=O)N2CCC(CC2)C(=O)N3CCN(CC3)C4=CC=CC=C4)=CC1	-9.0	-9.2	-9.6	-9.5	-9.9	-9.1	-5.9	-7.5	-9.4	-7.8	-8.3	-8.9	-8.6	-8.2	-7.8	-8.4	-9.3	-8.4	-8.8	-9.8	-7.0	-7.4	-9.8	-9.9	-6.2	-9.0	-8.7	-8.4	-8.2	-8.1	-8.5	-8.1	-8.8	-9.4	-8.4	-9.3	-8.6	-8.7	-9.3	-9.6	-7.6	-7.8	-9.3	-10.0	-9.5	-9.0	-9.4	-9.9	-10.4	-8.2	-9.5	-8.2	-8.4	-9.4	-8.1	-7.7	-8.7	-8.9	3.1510000000000025	0.7130417472916479
LLLDFCQVGFZCRB-MMRXBHCZNA-N	FC(F)(F)C=1NC(=C(N1)C=2C=CC=CC2)C(=O)NCC(F)(F)F	-9.0	-7.6	-7.7	-8.5	-8.5	-8.6	-8.3	-7.7	-9.5	-8.8	-8.4	-6.8	-7.4	-9.1	-7.2	-7.4	-7.7	-8.9	-8.8	-9.6	-9.0	-7.8	-7.9	-8.5	-7.7	-8.5	-8.8	-8.8	-8.1	-8.4	-8.2	-7.6	-8.4	-8.1	-9.8	-8.8	-7.6	-8.0	-9.2	-10.5	-6.8	-7.4	-8.7	-9.1	-8.6	-8.5	-8.3	-8.0	-8.1	-8.2	-8.5	-8.4	-7.2	-8.7	-8.1	-9.1	-7.6	-7.3	3.387600000000001	0.8437942367580247
GNLWRDUYIDEDLG-UHFFFAOYNA-N	BrC1=CC=C(S(=O)(=O)CS(=O)(=O)C2=CC=C(Br)C=C2)C=C1	-7.5	-8.1	-8.2	-7.7	-8.2	-7.5	-6.7	-6.3	-8.6	-7.4	-6.7	-7.9	-6.3	-8.3	-6.8	-7.1	-7.9	-7.0	-7.9	-8.9	-8.3	-6.6	-7.3	-8.1	-6.8	-7.1	-7.5	-7.0	-8.1	-7.0	-7.4	-6.9	-7.7	-8.7	-8.0	-8.5	-7.0	-7.4	-8.0	-8.6	-6.2	-7.4	-7.9	-8.3	-8.7	-7.7	-8.2	-8.0	-7.6	-7.6	-7.9	-7.3	-7.2	-8.5	-7.1	-7.9	-7.7	-7.6	3.4167000000000023	0.7106674309052227
TVBAAUALRYLMGC-YAQRNVERNA-N	O(C=1C(NC(=O)C2=CC=CN=C2)=CC(N(=O)=O)=CC1)C	-7.6	-8.4	-7.6	-8.6	-8.2	-7.1	-7.7	-6.4	-7.8	-7.1	-7.2	-8.4	-7.5	-8.8	-7.1	-7.3	-7.3	-7.7	-7.8	-8.8	-7.5	-7.1	-7.3	-7.5	-7.5	-6.9	-7.6	-7.6	-7.8	-7.4	-7.5	-7.2	-6.7	-8.3	-8.9	-7.4	-7.7	-7.1	-7.8	-9.2	-6.6	-7.0	-8.2	-8.0	-7.8	-7.8	-8.1	-7.2	-7.8	-7.8	-8.5	-8.2	-7.1	-7.8	-8.0	-8.2	-7.2	-7.5	2.2507	0.6806003229548907
LPUCXUCWIQBLNE-ACUYDXCJNA-N	O1[C@@H](N2C3=NC(=NC(NCC(C4=CC=CC=C4)C5=CC=CC=C5)=C3N=C2)NCCC6=CC=CC=C6)[C@H](O)[C@H](O)[C@H]1C(=O)NCC	-11.2	-9.7	-10.0	-11.3	-10.7	-10.1	-6.2	-9.3	-11.1	-9.0	-9.9	-9.3	-8.5	-10.6	-9.3	-9.3	-11.2	-10.6	-11.7	-12.8	-6.8	-9.1	-10.5	-11.2	-6.0	-10.5	-10.7	-9.6	-6.7	-9.3	-9.7	-10.1	-9.5	-10.3	-9.0	-10.2	-9.3	-9.9	-9.6	-9.4	-8.9	-9.0	-10.5	-12.6	-6.8	-10.5	-11.1	-10.0	-9.7	-10.9	-10.7	-10.3	-9.2	-10.9	-9.2	-7.2	-10.7	-8.2	3.480200000000001	0.1438766280015499
XCWPEJRDJHVUNU-OZOXKJRCNA-N	C=1C(=CC(C[C@H]([C@H]2CC[C@H](N(CCCC(F)(F)F)S(=O)(=O)C3=C(ON=C3C)C)CC2)N)=C(C1)F)F	-9.8	-9.0	-10.2	-9.9	-10.5	-8.7	-7.8	-8.1	-9.5	-8.7	-8.4	-7.5	-7.5	-8.0	-8.0	-7.9	-9.3	-8.5	-10.0	-10.2	-6.9	-7.5	-8.7	-9.5	-5.4	-8.6	-8.7	-9.5	-9.7	-8.5	-8.7	-8.7	-8.9	-8.7	-7.0	-7.9	-9.7	-8.2	-9.0	-9.4	-7.5	-7.9	-10.6	-9.7	-10.0	-9.4	-8.3	-8.7	-9.6	-8.9	-9.3	-7.7	-8.3	-9.1	-8.3	-9.6	-8.9	-8.9	5.031640000000005	0.4658843451141347
HKWMOIVOYBWHTM-JNFKXYCSNA-N	ClC=1C(=CC(C=2OC(=CC2)/C=N/NC=3C=CC(Cl)=CC3)=CC1)C(=O)O	-9.1	-10.2	-9.1	-10.1	-10.3	-8.9	-9.1	-7.9	-9.1	-7.5	-8.7	-9.8	-8.1	-10.5	-9.4	-8.3	-9.1	-9.1	-10.4	-10.3	-7.1	-8.5	-8.6	-9.9	-8.5	-8.5	-9.2	-8.3	-9.2	-9.1	-9.2	-8.6	-9.5	-10.3	-9.3	-9.5	-8.6	-8.9	-9.6	-10.7	-7.3	-8.9	-9.8	-9.4	-10.0	-8.6	-10.0	-10.1	-9.4	-9.1	-9.3	-9.6	-8.4	-9.5	-9.1	-10.8	-8.8	-10.1	5.397600000000003	0.4627054077995651
LPXALDJLBWHJBQ-PQPAOEHYNA-N	S1C(C(N2[C@H]1C(NC2=O)C(OCC3=CC=CC=C3)=O)C(OCC4=CC=CC=C4)=O)(C)C	-9.0	-8.3	-9.2	-10.0	-10.0	-8.0	-6.4	-7.4	-9.6	-6.3	-8.4	-8.4	-7.7	-9.4	-8.3	-7.9	-9.5	-9.3	-9.8	-9.9	-8.8	-7.5	-9.2	-9.3	-6.8	-8.8	-8.9	-7.8	-9.4	-8.6	-8.2	-8.0	-9.0	-9.7	-8.0	-9.0	-8.7	-8.5	-8.8	-10.0	-7.8	-8.3	-9.9	-10.7	-9.7	-9.2	-9.6	-8.9	-8.9	-9.9	-9.5	-8.4	-8.3	-9.4	-8.3	-9.3	-8.8	-7.8	3.0871000000000013	0.6952116365353278
GVHRTYUTYGMACW-BDGWVKIONA-N	ClC1=C(C(=O)NCCC(=O)NC2C(C(CCC2)C)C)C=CC=C1	-8.6	-9.4	-8.6	-9.3	-9.6	-8.5	-10.0	-7.0	-8.5	-7.7	-8.0	-8.8	-7.7	-8.8	-7.8	-7.7	-8.4	-8.0	-9.0	-9.6	-8.0	-7.2	-7.9	-8.2	-9.0	-7.9	-8.7	-8.5	-9.0	-8.1	-8.2	-7.8	-9.6	-8.8	-9.1	-8.3	-8.0	-7.9	-8.8	-10.3	-6.8	-7.9	-8.5	-9.3	-9.2	-8.6	-8.7	-8.9	-9.4	-8.6	-9.1	-8.1	-8.0	-8.1	-8.8	-9.0	-7.7	-9.7	3.400800000000002	0.8653855000297582
KEEUWAUVDGQLBG-VPQZEOPVNA-N	O=C(NNC(OC)=O)C=1C=CC(C(C)(C)C)=CC1	-7.4	-8.1	-8.1	-8.7	-8.4	-6.6	-8.8	-6.3	-7.5	-6.4	-7.1	-8.5	-6.3	-8.1	-8.4	-7.1	-7.8	-8.1	-7.4	-8.3	-7.1	-7.2	-7.4	-7.4	-6.9	-7.8	-7.8	-6.6	-6.9	-7.4	-7.6	-6.8	-7.9	-8.6	-8.6	-7.5	-7.4	-7.0	-7.7	-7.9	-5.9	-6.6	-7.8	-7.7	-8.0	-7.2	-7.7	-7.5	-7.9	-7.0	-7.9	-7.7	-7.0	-7.8	-7.4	-8.5	-6.7	-8.0	1.9849	0.74886307370352
LEQHUKWRLPYFRL-YAQRNVERNA-N	BrC1=CC(=C(NC(=O)CN2C(O)=CC=C2O)C=C1)C	-7.7	-9.0	-8.3	-8.5	-7.8	-7.3	-8.2	-6.5	-8.1	-6.8	-6.8	-8.0	-6.5	-7.6	-7.4	-7.3	-7.6	-7.7	-7.3	-8.4	-7.7	-6.3	-7.1	-7.7	-7.5	-7.6	-7.5	-7.4	-7.8	-6.8	-7.7	-7.0	-7.3	-8.4	-8.5	-7.6	-7.6	-7.0	-8.1	-9.1	-6.1	-6.9	-7.6	-7.2	-7.7	-7.8	-7.8	-7.8	-8.0	-7.3	-7.9	-7.9	-7.4	-7.6	-6.7	-8.6	-7.7	-7.8	2.6089200000000003	0.8119910776809236
UDQNZSNRUYGNCC-WYUMXYHSNA-N	O(C(=O)C=1C=CC(NN=NC=2C=CC=CC2)=CC1)C	-8.5	-8.7	-8.1	-8.1	-8.3	-7.3	-9.2	-6.2	-7.6	-7.2	-7.5	-8.8	-7.7	-9.1	-8.0	-7.7	-7.7	-8.2	-7.9	-8.8	-7.9	-7.5	-7.5	-7.4	-7.7	-7.6	-7.8	-7.3	-8.0	-7.3	-7.3	-7.5	-7.8	-8.8	-9.0	-8.0	-8.0	-6.8	-7.6	-8.9	-6.2	-7.2	-7.8	-8.0	-7.8	-7.7	-8.3	-7.7	-8.3	-7.5	-7.8	-7.7	-7.5	-8.1	-7.5	-9.1	-7.2	-8.6	3.5840000000000014	0.515615346664665
QGAMWWULGQRYLA-XBYJKWJINA-N	S([C@H]1[C@H]2[C@H]3[C@@]([C@@H](O)CC3)(CC[C@@H]2C=4C(C1=O)=CC(O)=CC4)C)CCCCCCCCCCC(=O)N(CCCC)C	-9.2	-7.8	-7.6	-9.3	-9.9	-7.3	-5.0	-7.0	-9.4	-8.6	-7.3	-6.9	-6.3	-8.2	-7.6	-6.9	-8.6	-7.8	-9.3	-10.2	-5.9	-7.0	-8.3	-9.1	-6.6	-7.9	-6.8	-8.7	-8.9	-6.9	-7.4	-7.3	-8.5	-8.5	-6.4	-7.4	-8.0	-7.8	-8.0	-9.4	-6.4	-6.0	-9.4	-8.8	-8.5	-8.4	-8.2	-7.8	-8.4	-7.2	-9.1	-8.3	-6.8	-8.1	-8.5	-4.6	-7.3	-7.4	7.730500000000008	0.2106855737123608
BHPUHQYVKXVENE-UHFFFAOYNA-N	ClC1=CC=2C(SCC(=O)N3CCCC3)=CC(=O)N(C2C=C1)C	-8.6	-7.3	-9.0	-8.8	-8.5	-7.4	-8.2	-6.8	-8.4	-7.8	-8.2	-7.6	-7.4	-8.7	-7.0	-7.6	-8.1	-7.3	-8.3	-9.5	-8.1	-6.4	-8.1	-8.1	-7.2	-7.8	-8.5	-7.6	-8.8	-7.9	-9.0	-8.0	-7.8	-7.9	-8.0	-7.8	-8.0	-7.7	-8.5	-9.9	-6.8	-7.1	-8.4	-8.4	-8.5	-7.7	-8.4	-8.0	-8.9	-7.3	-8.3	-8.6	-7.8	-8.6	-7.6	-7.2	-8.1	-6.4	2.9064000000000005	0.8093172307617866
IEIGQULKEVPSBL-PKSOQXRJNA-N	S=C1N(CN(CN1)CC2=CC=CN=C2)C=3C=4C(C=CC3)=CC=CC4	-8.2	-8.6	-7.6	-8.7	-8.9	-8.5	-6.2	-7.1	-10.3	-6.5	-9.0	-7.5	-7.6	-9.1	-7.5	-7.7	-9.0	-8.7	-9.8	-9.7	-7.6	-7.4	-8.4	-9.5	-6.8	-8.8	-8.9	-7.7	-9.8	-7.9	-8.7	-8.0	-8.2	-8.4	-9.5	-8.8	-8.9	-8.3	-9.8	-11.0	-7.7	-8.2	-10.0	-9.6	-8.9	-8.5	-8.4	-8.0	-8.6	-8.5	-8.9	-9.0	-8.0	-9.9	-8.2	-9.6	-8.6	-8.6	3.3465000000000016	0.742629538866303
UMOHBAVKPBSESN-UHFFFAOYNA-N	O=C(N1CCN(CC1)C=2C(OC)=CC=CC2)C=3NC=4C(C3)=CC(OC)=C(OC)C4	-7.3	-9.7	-8.7	-9.4	-9.0	-8.8	-4.2	-7.3	-8.0	-6.9	-8.3	-7.5	-7.3	-8.0	-7.3	-7.9	-7.9	-8.0	-9.0	-9.7	-6.2	-8.1	-8.6	-9.1	-6.4	-8.2	-8.8	-7.2	-8.8	-8.1	-8.5	-7.5	-8.2	-9.2	-7.3	-8.1	-7.6	-8.5	-8.9	-9.6	-7.2	-7.0	-9.2	-9.5	-9.4	-8.5	-9.0	-9.4	-9.0	-7.3	-9.6	-8.7	-7.0	-8.3	-8.4	-9.2	-7.7	-8.5	3.156100000000001	0.7188871257526193
